{
  "properties": {
    "connectionReferences": {
      "shared_commondataserviceforapps": {
        "impersonation": {},
        "runtimeSource": "embedded",
        "connection": {
          "connectionReferenceLogicalName": "contoso_sharedcommondataserviceforapps_29c3e"
        },
        "api": {
          "name": "shared_commondataserviceforapps"
        }
      }
    },
    "definition": {
      "$schema": "https://schema.management.azure.com/providers/Microsoft.Logic/schemas/2016-06-01/workflowdefinition.json#",
      "contentVersion": "1.0.0.0",
      "parameters": {
        "$authentication": {
          "defaultValue": {},
          "type": "SecureObject"
        },
        "$connections": {
          "defaultValue": {},
          "type": "Object"
        }
      },
      "triggers": {
        "manual": {
          "metadata": {
            "operationMetadataId": "26a10cae-92fc-4281-8af2-dabcf2653114"
          },
          "type": "Request",
          "kind": "PowerAppV2",
          "inputs": {
            "schema": {
              "type": "object",
              "properties": {
                "text": {
                  "description": "Please enter your input",
                  "title": "CaseId",
                  "type": "string",
                  "x-ms-content-hint": "TEXT",
                  "x-ms-dynamically-added": true
                }
              },
              "required": [
                "text"
              ]
            }
          }
        }
      },
      "actions": {
        "List_rows": {
          "runAfter": {},
          "type": "OpenApiConnection",
          "inputs": {
            "parameters": {
              "entityName": "emails",
              "fetchXml": "<fetch version=\"1.0\" output-format=\"xml-platform\" mapping=\"logical\" distinct=\"true\" no-lock=\"false\" datasource=\"retained\">\n\t<entity name=\"email\">\n\t\t<attribute name=\"statecode\"/>\n\t\t<attribute name=\"subject\"/>\n\t\t<attribute name=\"description\"/>\n\t\t<attribute name=\"regardingobjectid\"/>\n\t\t<attribute name=\"activityid\"/>\n\t\t<attribute name=\"prioritycode\"/>\n\t\t<attribute name=\"actualend\"/>\n\t\t<attribute name=\"from\"/>\n\t\t<order attribute=\"actualend\" descending=\"true\"/>\n\t\t<filter type=\"and\">\n\t\t\t<condition attribute=\"subject\" operator=\"not-null\"/>\n\t\t\t<condition attribute=\"regardingobjectid\" operator=\"eq\" value=\"{@{triggerBody()?['text']}}\" uitype=\"incident\"/>\n\t\t</filter>\n\t</entity>\n</fetch>"
            },
            "host": {
              "apiId": "/providers/Microsoft.PowerApps/apis/shared_commondataserviceforapps",
              "connectionName": "shared_commondataserviceforapps",
              "operationId": "ListRecords"
            },
            "authentication": "@parameters('$authentication')"
          }
        },
        "Response": {
          "runAfter": {
            "List_rows": [
              "Succeeded"
            ]
          },
          "type": "Response",
          "kind": "Http",
          "inputs": {
            "statusCode": 200,
            "body": "@body('List_rows')",
            "schema": {
              "type": "object",
              "properties": {
                "@@odata.context": {
                  "type": "string"
                },
                "#Microsoft.Dynamics.CRM.DeliverIncomingEmail": {
                  "type": "object",
                  "properties": {
                    "title": {
                      "type": "string"
                    },
                    "target": {
                      "type": "string"
                    }
                  }
                },
                "#Microsoft.Dynamics.CRM.CreateMultiple": {
                  "type": "object",
                  "properties": {
                    "title": {
                      "type": "string"
                    },
                    "target": {
                      "type": "string"
                    }
                  }
                },
                "#Microsoft.Dynamics.CRM.DeleteMultiple": {
                  "type": "object",
                  "properties": {
                    "title": {
                      "type": "string"
                    },
                    "target": {
                      "type": "string"
                    }
                  }
                },
                "#Microsoft.Dynamics.CRM.UpdateMultiple": {
                  "type": "object",
                  "properties": {
                    "title": {
                      "type": "string"
                    },
                    "target": {
                      "type": "string"
                    }
                  }
                },
                "#Microsoft.Dynamics.CRM.UpsertMultiple": {
                  "type": "object",
                  "properties": {
                    "title": {
                      "type": "string"
                    },
                    "target": {
                      "type": "string"
                    }
                  }
                },
                "#Microsoft.Dynamics.CRM.RetrieveTimelineWallRecords": {
                  "type": "object",
                  "properties": {
                    "title": {
                      "type": "string"
                    },
                    "target": {
                      "type": "string"
                    }
                  }
                },
                "@@Microsoft.Dynamics.CRM.totalrecordcount": {
                  "type": "integer"
                },
                "@@Microsoft.Dynamics.CRM.totalrecordcountlimitexceeded": {
                  "type": "boolean"
                },
                "@@Microsoft.Dynamics.CRM.globalmetadataversion": {
                  "type": "string"
                },
                "value": {
                  "type": "array",
                  "items": {
                    "type": "object",
                    "properties": {
                      "@@odata.type": {
                        "type": "string"
                      },
                      "@@odata.id": {
                        "type": "string"
                      },
                      "@@odata.editLink": {
                        "type": "string"
                      },
                      "subject": {
                        "type": "string"
                      },
                      "description": {
                        "type": "string"
                      },
                      "msft_datastate@OData.Community.Display.V1.FormattedValue": {
                        "type": "string"
                      },
                      "msft_datastate": {
                        "type": "integer"
                      },
                      "_regardingobjectid_value@OData.Community.Display.V1.FormattedValue": {
                        "type": "string"
                      },
                      "_regardingobjectid_value@Microsoft.Dynamics.CRM.associatednavigationproperty": {
                        "type": "string"
                      },
                      "_regardingobjectid_value@Microsoft.Dynamics.CRM.lookuplogicalname": {
                        "type": "string"
                      },
                      "_regardingobjectid_value@odata.type": {
                        "type": "string"
                      },
                      "_regardingobjectid_value": {
                        "type": "string"
                      },
                      "activityid@odata.type": {
                        "type": "string"
                      },
                      "activityid": {
                        "type": "string"
                      },
                      "statecode@OData.Community.Display.V1.FormattedValue": {
                        "type": "string"
                      },
                      "statecode": {
                        "type": "integer"
                      },
                      "prioritycode@OData.Community.Display.V1.FormattedValue": {
                        "type": "string"
                      },
                      "prioritycode": {
                        "type": "integer"
                      },
                      "actualend@OData.Community.Display.V1.FormattedValue": {
                        "type": "string"
                      },
                      "actualend@odata.type": {
                        "type": "string"
                      },
                      "actualend": {
                        "type": "string"
                      },
                      "regardingobjectid_incident_email@odata.associationLink": {
                        "type": "string"
                      },
                      "regardingobjectid_incident_email@odata.navigationLink": {
                        "type": "string"
                      },
                      "email_activity_parties@odata.associationLink": {
                        "type": "string"
                      },
                      "email_activity_parties@odata.navigationLink": {
                        "type": "string"
                      },
                      "email_activity_parties@odata.type": {
                        "type": "string"
                      },
                      "email_activity_parties": {
                        "type": "array",
                        "items": {
                          "type": "object",
                          "properties": {
                            "@@odata.type": {
                              "type": "string"
                            },
                            "@@odata.id": {
                              "type": "string"
                            },
                            "@@odata.editLink": {
                              "type": "string"
                            },
                            "addressusedemailcolumnnumber@OData.Community.Display.V1.FormattedValue": {
                              "type": "string"
                            },
                            "addressusedemailcolumnnumber": {
                              "type": "integer"
                            },
                            "ispartydeleted@OData.Community.Display.V1.FormattedValue": {
                              "type": "string"
                            },
                            "ispartydeleted": {
                              "type": "boolean"
                            },
                            "_partyid_value@OData.Community.Display.V1.FormattedValue": {
                              "type": "string"
                            },
                            "_partyid_value@Microsoft.Dynamics.CRM.lookuplogicalname": {
                              "type": "string"
                            },
                            "_partyid_value@odata.type": {
                              "type": "string"
                            },
                            "_partyid_value": {
                              "type": "string"
                            },
                            "instancetypecode@OData.Community.Display.V1.FormattedValue": {
                              "type": "string"
                            },
                            "instancetypecode": {
                              "type": "integer"
                            },
                            "_activityid_value@Microsoft.Dynamics.CRM.associatednavigationproperty": {
                              "type": "string"
                            },
                            "_activityid_value@Microsoft.Dynamics.CRM.lookuplogicalname": {
                              "type": "string"
                            },
                            "_activityid_value@odata.type": {
                              "type": "string"
                            },
                            "_activityid_value": {
                              "type": "string"
                            },
                            "activitypartyid@odata.type": {
                              "type": "string"
                            },
                            "activitypartyid": {
                              "type": "string"
                            },
                            "msft_datastate@OData.Community.Display.V1.FormattedValue": {
                              "type": "string"
                            },
                            "msft_datastate": {
                              "type": "integer"
                            },
                            "addressused": {
                              "type": "string"
                            },
                            "_ownerid_value@Microsoft.Dynamics.CRM.lookuplogicalname": {
                              "type": "string"
                            },
                            "_ownerid_value@odata.type": {
                              "type": "string"
                            },
                            "_ownerid_value": {
                              "type": "string"
                            },
                            "participationtypemask@OData.Community.Display.V1.FormattedValue": {
                              "type": "string"
                            },
                            "participationtypemask": {
                              "type": "integer"
                            },
                            "activityid_activitypointer@odata.associationLink": {
                              "type": "string"
                            },
                            "activityid_activitypointer@odata.navigationLink": {
                              "type": "string"
                            },
                            "ActivityParty_SyncErrors@odata.associationLink": {
                              "type": "string"
                            },
                            "ActivityParty_SyncErrors@odata.navigationLink": {
                              "type": "string"
                            },
                            "activityid_recurringappointmentmaster@odata.associationLink": {
                              "type": "string"
                            },
                            "activityid_recurringappointmentmaster@odata.navigationLink": {
                              "type": "string"
                            },
                            "activityid_socialactivity@odata.associationLink": {
                              "type": "string"
                            },
                            "activityid_socialactivity@odata.navigationLink": {
                              "type": "string"
                            },
                            "activityid_appointment@odata.associationLink": {
                              "type": "string"
                            },
                            "activityid_appointment@odata.navigationLink": {
                              "type": "string"
                            },
                            "partyid_queue@odata.associationLink": {
                              "type": "string"
                            },
                            "partyid_queue@odata.navigationLink": {
                              "type": "string"
                            },
                            "partyid@odata.associationLink": {
                              "type": "string"
                            },
                            "partyid@odata.navigationLink": {
                              "type": "string"
                            },
                            "partyid_systemuser@odata.associationLink": {
                              "type": "string"
                            },
                            "partyid_systemuser@odata.navigationLink": {
                              "type": "string"
                            },
                            "activityid_fax@odata.associationLink": {
                              "type": "string"
                            },
                            "activityid_fax@odata.navigationLink": {
                              "type": "string"
                            },
                            "activityid_phonecall@odata.associationLink": {
                              "type": "string"
                            },
                            "activityid_phonecall@odata.navigationLink": {
                              "type": "string"
                            },
                            "activityid_task@odata.associationLink": {
                              "type": "string"
                            },
                            "activityid_task@odata.navigationLink": {
                              "type": "string"
                            },
                            "activityid_letter@odata.associationLink": {
                              "type": "string"
                            },
                            "activityid_letter@odata.navigationLink": {
                              "type": "string"
                            },
                            "userentityinstancedata_activityparty@odata.associationLink": {
                              "type": "string"
                            },
                            "userentityinstancedata_activityparty@odata.navigationLink": {
                              "type": "string"
                            },
                            "activityid_email@odata.associationLink": {
                              "type": "string"
                            },
                            "activityid_email@odata.navigationLink": {
                              "type": "string"
                            },
                            "partyid_knowledgearticle@odata.associationLink": {
                              "type": "string"
                            },
                            "partyid_knowledgearticle@odata.navigationLink": {
                              "type": "string"
                            },
                            "partyid_account@odata.associationLink": {
                              "type": "string"
                            },
                            "partyid_account@odata.navigationLink": {
                              "type": "string"
                            },
                            "partyid_contact@odata.associationLink": {
                              "type": "string"
                            },
                            "partyid_contact@odata.navigationLink": {
                              "type": "string"
                            },
                            "partyid_lead@odata.associationLink": {
                              "type": "string"
                            },
                            "partyid_lead@odata.navigationLink": {
                              "type": "string"
                            },
                            "partyid_bulkoperation@odata.associationLink": {
                              "type": "string"
                            },
                            "partyid_bulkoperation@odata.navigationLink": {
                              "type": "string"
                            },
                            "partyid_campaign@odata.associationLink": {
                              "type": "string"
                            },
                            "partyid_campaign@odata.navigationLink": {
                              "type": "string"
                            },
                            "activityid_campaignactivity@odata.associationLink": {
                              "type": "string"
                            },
                            "activityid_campaignactivity@odata.navigationLink": {
                              "type": "string"
                            },
                            "partyid_campaignactivity@odata.associationLink": {
                              "type": "string"
                            },
                            "partyid_campaignactivity@odata.navigationLink": {
                              "type": "string"
                            },
                            "activityid_campaignresponse@odata.associationLink": {
                              "type": "string"
                            },
                            "activityid_campaignresponse@odata.navigationLink": {
                              "type": "string"
                            },
                            "partyid_entitlement@odata.associationLink": {
                              "type": "string"
                            },
                            "partyid_entitlement@odata.navigationLink": {
                              "type": "string"
                            },
                            "activityid_msfp_alert_activityparty@odata.associationLink": {
                              "type": "string"
                            },
                            "activityid_msfp_alert_activityparty@odata.navigationLink": {
                              "type": "string"
                            },
                            "activityid_msfp_surveyinvite_activityparty@odata.associationLink": {
                              "type": "string"
                            },
                            "activityid_msfp_surveyinvite_activityparty@odata.navigationLink": {
                              "type": "string"
                            },
                            "activityid_msfp_surveyresponse_activityparty@odata.associationLink": {
                              "type": "string"
                            },
                            "activityid_msfp_surveyresponse_activityparty@odata.navigationLink": {
                              "type": "string"
                            },
                            "activityid_msdyn_bookingalert_activityparty@odata.associationLink": {
                              "type": "string"
                            },
                            "activityid_msdyn_bookingalert_activityparty@odata.navigationLink": {
                              "type": "string"
                            },
                            "activityid_msdyn_approval_activityparty@odata.associationLink": {
                              "type": "string"
                            },
                            "activityid_msdyn_approval_activityparty@odata.navigationLink": {
                              "type": "string"
                            },
                            "activityid_msdyn_ocliveworkitem_activityparty@odata.associationLink": {
                              "type": "string"
                            },
                            "activityid_msdyn_ocliveworkitem_activityparty@odata.navigationLink": {
                              "type": "string"
                            },
                            "activityid_msdyn_ocsession_activityparty@odata.associationLink": {
                              "type": "string"
                            },
                            "activityid_msdyn_ocsession_activityparty@odata.navigationLink": {
                              "type": "string"
                            },
                            "activityid_msdyn_ocoutboundmessage_activityparty@odata.associationLink": {
                              "type": "string"
                            },
                            "activityid_msdyn_ocoutboundmessage_activityparty@odata.navigationLink": {
                              "type": "string"
                            },
                            "activityid_adx_alertsubscription_activityparty@odata.associationLink": {
                              "type": "string"
                            },
                            "activityid_adx_alertsubscription_activityparty@odata.navigationLink": {
                              "type": "string"
                            },
                            "activityid_adx_inviteredemption_activityparty@odata.associationLink": {
                              "type": "string"
                            },
                            "activityid_adx_inviteredemption_activityparty@odata.navigationLink": {
                              "type": "string"
                            },
                            "activityid_adx_portalcomment_activityparty@odata.associationLink": {
                              "type": "string"
                            },
                            "activityid_adx_portalcomment_activityparty@odata.navigationLink": {
                              "type": "string"
                            },
                            "partyid_docusign_accountconfiguration@odata.associationLink": {
                              "type": "string"
                            },
                            "partyid_docusign_accountconfiguration@odata.navigationLink": {
                              "type": "string"
                            },
                            "partyid_msdyn_salessuggestion@odata.associationLink": {
                              "type": "string"
                            },
                            "partyid_msdyn_salessuggestion@odata.navigationLink": {
                              "type": "string"
                            },
                            "activityid_chat_activityparty@odata.associationLink": {
                              "type": "string"
                            },
                            "activityid_chat_activityparty@odata.navigationLink": {
                              "type": "string"
                            },
                            "activityid_scmt_screenmeetactivity_activityparty@odata.associationLink": {
                              "type": "string"
                            },
                            "activityid_scmt_screenmeetactivity_activityparty@odata.navigationLink": {
                              "type": "string"
                            },
                            "activityid_msdyn_ocvoicemail_activityparty@odata.associationLink": {
                              "type": "string"
                            },
                            "activityid_msdyn_ocvoicemail_activityparty@odata.navigationLink": {
                              "type": "string"
                            },
                            "activityid_msdyn_copilottranscript_activityparty@odata.associationLink": {
                              "type": "string"
                            },
                            "activityid_msdyn_copilottranscript_activityparty@odata.navigationLink": {
                              "type": "string"
                            },
                            "activityid_solgari_chat_activityparty@odata.associationLink": {
                              "type": "string"
                            },
                            "activityid_solgari_chat_activityparty@odata.navigationLink": {
                              "type": "string"
                            },
                            "partyid_cr640_newtable@odata.associationLink": {
                              "type": "string"
                            },
                            "partyid_cr640_newtable@odata.navigationLink": {
                              "type": "string"
                            },
                            "partyid_contract@odata.associationLink": {
                              "type": "string"
                            },
                            "partyid_contract@odata.navigationLink": {
                              "type": "string"
                            },
                            "partyid_equipment@odata.associationLink": {
                              "type": "string"
                            },
                            "partyid_equipment@odata.navigationLink": {
                              "type": "string"
                            },
                            "partyid_incident@odata.associationLink": {
                              "type": "string"
                            },
                            "partyid_incident@odata.navigationLink": {
                              "type": "string"
                            },
                            "activityid_incidentresolution@odata.associationLink": {
                              "type": "string"
                            },
                            "activityid_incidentresolution@odata.navigationLink": {
                              "type": "string"
                            },
                            "resourcespecid@odata.associationLink": {
                              "type": "string"
                            },
                            "resourcespecid@odata.navigationLink": {
                              "type": "string"
                            },
                            "activityid_serviceappointment@odata.associationLink": {
                              "type": "string"
                            },
                            "activityid_serviceappointment@odata.navigationLink": {
                              "type": "string"
                            },
                            "partyid_invoice@odata.associationLink": {
                              "type": "string"
                            },
                            "partyid_invoice@odata.navigationLink": {
                              "type": "string"
                            },
                            "partyid_opportunity@odata.associationLink": {
                              "type": "string"
                            },
                            "partyid_opportunity@odata.navigationLink": {
                              "type": "string"
                            },
                            "activityid_opportunityclose@odata.associationLink": {
                              "type": "string"
                            },
                            "activityid_opportunityclose@odata.navigationLink": {
                              "type": "string"
                            },
                            "activityid_orderclose@odata.associationLink": {
                              "type": "string"
                            },
                            "activityid_orderclose@odata.navigationLink": {
                              "type": "string"
                            },
                            "partyid_quote@odata.associationLink": {
                              "type": "string"
                            },
                            "partyid_quote@odata.navigationLink": {
                              "type": "string"
                            },
                            "activityid_quoteclose@odata.associationLink": {
                              "type": "string"
                            },
                            "activityid_quoteclose@odata.navigationLink": {
                              "type": "string"
                            },
                            "partyid_salesorder@odata.associationLink": {
                              "type": "string"
                            },
                            "partyid_salesorder@odata.navigationLink": {
                              "type": "string"
                            },
                            "donotfax@OData.Community.Display.V1.FormattedValue": {
                              "type": "string"
                            },
                            "donotfax": {
                              "type": "boolean"
                            },
                            "donotpostalmail@OData.Community.Display.V1.FormattedValue": {
                              "type": "string"
                            },
                            "donotpostalmail": {
                              "type": "boolean"
                            },
                            "_partyid_value@Microsoft.Dynamics.CRM.associatednavigationproperty": {
                              "type": "string"
                            },
                            "donotemail@OData.Community.Display.V1.FormattedValue": {
                              "type": "string"
                            },
                            "donotemail": {
                              "type": "boolean"
                            },
                            "donotphone@OData.Community.Display.V1.FormattedValue": {
                              "type": "string"
                            },
                            "donotphone": {
                              "type": "boolean"
                            }
                          },
                          "required": [
                            "@@odata.type",
                            "@@odata.id",
                            "@@odata.editLink",
                            "addressusedemailcolumnnumber@OData.Community.Display.V1.FormattedValue",
                            "addressusedemailcolumnnumber",
                            "ispartydeleted@OData.Community.Display.V1.FormattedValue",
                            "ispartydeleted",
                            "_partyid_value@OData.Community.Display.V1.FormattedValue",
                            "_partyid_value@Microsoft.Dynamics.CRM.lookuplogicalname",
                            "_partyid_value@odata.type",
                            "_partyid_value",
                            "instancetypecode@OData.Community.Display.V1.FormattedValue",
                            "instancetypecode",
                            "_activityid_value@Microsoft.Dynamics.CRM.associatednavigationproperty",
                            "_activityid_value@Microsoft.Dynamics.CRM.lookuplogicalname",
                            "_activityid_value@odata.type",
                            "_activityid_value",
                            "activitypartyid@odata.type",
                            "activitypartyid",
                            "msft_datastate@OData.Community.Display.V1.FormattedValue",
                            "msft_datastate",
                            "addressused",
                            "_ownerid_value@Microsoft.Dynamics.CRM.lookuplogicalname",
                            "_ownerid_value@odata.type",
                            "_ownerid_value",
                            "participationtypemask@OData.Community.Display.V1.FormattedValue",
                            "participationtypemask",
                            "activityid_activitypointer@odata.associationLink",
                            "activityid_activitypointer@odata.navigationLink",
                            "ActivityParty_SyncErrors@odata.associationLink",
                            "ActivityParty_SyncErrors@odata.navigationLink",
                            "activityid_recurringappointmentmaster@odata.associationLink",
                            "activityid_recurringappointmentmaster@odata.navigationLink",
                            "activityid_socialactivity@odata.associationLink",
                            "activityid_socialactivity@odata.navigationLink",
                            "activityid_appointment@odata.associationLink",
                            "activityid_appointment@odata.navigationLink",
                            "partyid_queue@odata.associationLink",
                            "partyid_queue@odata.navigationLink",
                            "partyid@odata.associationLink",
                            "partyid@odata.navigationLink",
                            "partyid_systemuser@odata.associationLink",
                            "partyid_systemuser@odata.navigationLink",
                            "activityid_fax@odata.associationLink",
                            "activityid_fax@odata.navigationLink",
                            "activityid_phonecall@odata.associationLink",
                            "activityid_phonecall@odata.navigationLink",
                            "activityid_task@odata.associationLink",
                            "activityid_task@odata.navigationLink",
                            "activityid_letter@odata.associationLink",
                            "activityid_letter@odata.navigationLink",
                            "userentityinstancedata_activityparty@odata.associationLink",
                            "userentityinstancedata_activityparty@odata.navigationLink",
                            "activityid_email@odata.associationLink",
                            "activityid_email@odata.navigationLink",
                            "partyid_knowledgearticle@odata.associationLink",
                            "partyid_knowledgearticle@odata.navigationLink",
                            "partyid_account@odata.associationLink",
                            "partyid_account@odata.navigationLink",
                            "partyid_contact@odata.associationLink",
                            "partyid_contact@odata.navigationLink",
                            "partyid_lead@odata.associationLink",
                            "partyid_lead@odata.navigationLink",
                            "partyid_bulkoperation@odata.associationLink",
                            "partyid_bulkoperation@odata.navigationLink",
                            "partyid_campaign@odata.associationLink",
                            "partyid_campaign@odata.navigationLink",
                            "activityid_campaignactivity@odata.associationLink",
                            "activityid_campaignactivity@odata.navigationLink",
                            "partyid_campaignactivity@odata.associationLink",
                            "partyid_campaignactivity@odata.navigationLink",
                            "activityid_campaignresponse@odata.associationLink",
                            "activityid_campaignresponse@odata.navigationLink",
                            "partyid_entitlement@odata.associationLink",
                            "partyid_entitlement@odata.navigationLink",
                            "activityid_msfp_alert_activityparty@odata.associationLink",
                            "activityid_msfp_alert_activityparty@odata.navigationLink",
                            "activityid_msfp_surveyinvite_activityparty@odata.associationLink",
                            "activityid_msfp_surveyinvite_activityparty@odata.navigationLink",
                            "activityid_msfp_surveyresponse_activityparty@odata.associationLink",
                            "activityid_msfp_surveyresponse_activityparty@odata.navigationLink",
                            "activityid_msdyn_bookingalert_activityparty@odata.associationLink",
                            "activityid_msdyn_bookingalert_activityparty@odata.navigationLink",
                            "activityid_msdyn_approval_activityparty@odata.associationLink",
                            "activityid_msdyn_approval_activityparty@odata.navigationLink",
                            "activityid_msdyn_ocliveworkitem_activityparty@odata.associationLink",
                            "activityid_msdyn_ocliveworkitem_activityparty@odata.navigationLink",
                            "activityid_msdyn_ocsession_activityparty@odata.associationLink",
                            "activityid_msdyn_ocsession_activityparty@odata.navigationLink",
                            "activityid_msdyn_ocoutboundmessage_activityparty@odata.associationLink",
                            "activityid_msdyn_ocoutboundmessage_activityparty@odata.navigationLink",
                            "activityid_adx_alertsubscription_activityparty@odata.associationLink",
                            "activityid_adx_alertsubscription_activityparty@odata.navigationLink",
                            "activityid_adx_inviteredemption_activityparty@odata.associationLink",
                            "activityid_adx_inviteredemption_activityparty@odata.navigationLink",
                            "activityid_adx_portalcomment_activityparty@odata.associationLink",
                            "activityid_adx_portalcomment_activityparty@odata.navigationLink",
                            "partyid_docusign_accountconfiguration@odata.associationLink",
                            "partyid_docusign_accountconfiguration@odata.navigationLink",
                            "partyid_msdyn_salessuggestion@odata.associationLink",
                            "partyid_msdyn_salessuggestion@odata.navigationLink",
                            "activityid_chat_activityparty@odata.associationLink",
                            "activityid_chat_activityparty@odata.navigationLink",
                            "activityid_scmt_screenmeetactivity_activityparty@odata.associationLink",
                            "activityid_scmt_screenmeetactivity_activityparty@odata.navigationLink",
                            "activityid_msdyn_ocvoicemail_activityparty@odata.associationLink",
                            "activityid_msdyn_ocvoicemail_activityparty@odata.navigationLink",
                            "activityid_msdyn_copilottranscript_activityparty@odata.associationLink",
                            "activityid_msdyn_copilottranscript_activityparty@odata.navigationLink",
                            "activityid_solgari_chat_activityparty@odata.associationLink",
                            "activityid_solgari_chat_activityparty@odata.navigationLink",
                            "partyid_cr640_newtable@odata.associationLink",
                            "partyid_cr640_newtable@odata.navigationLink",
                            "partyid_contract@odata.associationLink",
                            "partyid_contract@odata.navigationLink",
                            "partyid_equipment@odata.associationLink",
                            "partyid_equipment@odata.navigationLink",
                            "partyid_incident@odata.associationLink",
                            "partyid_incident@odata.navigationLink",
                            "activityid_incidentresolution@odata.associationLink",
                            "activityid_incidentresolution@odata.navigationLink",
                            "resourcespecid@odata.associationLink",
                            "resourcespecid@odata.navigationLink",
                            "activityid_serviceappointment@odata.associationLink",
                            "activityid_serviceappointment@odata.navigationLink",
                            "partyid_invoice@odata.associationLink",
                            "partyid_invoice@odata.navigationLink",
                            "partyid_opportunity@odata.associationLink",
                            "partyid_opportunity@odata.navigationLink",
                            "activityid_opportunityclose@odata.associationLink",
                            "activityid_opportunityclose@odata.navigationLink",
                            "activityid_orderclose@odata.associationLink",
                            "activityid_orderclose@odata.navigationLink",
                            "partyid_quote@odata.associationLink",
                            "partyid_quote@odata.navigationLink",
                            "activityid_quoteclose@odata.associationLink",
                            "activityid_quoteclose@odata.navigationLink",
                            "partyid_salesorder@odata.associationLink",
                            "partyid_salesorder@odata.navigationLink"
                          ]
                        }
                      }
                    },
                    "required": [
                      "@@odata.type",
                      "@@odata.id",
                      "@@odata.editLink",
                      "subject",
                      "msft_datastate@OData.Community.Display.V1.FormattedValue",
                      "msft_datastate",
                      "_regardingobjectid_value@OData.Community.Display.V1.FormattedValue",
                      "_regardingobjectid_value@Microsoft.Dynamics.CRM.associatednavigationproperty",
                      "_regardingobjectid_value@Microsoft.Dynamics.CRM.lookuplogicalname",
                      "_regardingobjectid_value@odata.type",
                      "_regardingobjectid_value",
                      "activityid@odata.type",
                      "activityid",
                      "statecode@OData.Community.Display.V1.FormattedValue",
                      "statecode",
                      "prioritycode@OData.Community.Display.V1.FormattedValue",
                      "prioritycode",
                      "regardingobjectid_incident_email@odata.associationLink",
                      "regardingobjectid_incident_email@odata.navigationLink",
                      "email_activity_parties@odata.associationLink",
                      "email_activity_parties@odata.navigationLink",
                      "email_activity_parties@odata.type",
                      "email_activity_parties"
                    ]
                  }
                }
              }
            }
          }
        }
      }
    },
    "templateName": null
  },
  "schemaVersion": "1.0.0.0"
}