{
  "properties": {
    "connectionReferences": {
      "shared_commondataserviceforapps": {
        "impersonation": {},
        "runtimeSource": "embedded",
        "connection": {
          "connectionReferenceLogicalName": "contoso_sharedcommondataserviceforapps_29c3e"
        },
        "api": {
          "name": "shared_commondataserviceforapps"
        }
      }
    },
    "definition": {
      "$schema": "https://schema.management.azure.com/providers/Microsoft.Logic/schemas/2016-06-01/workflowdefinition.json#",
      "contentVersion": "1.0.0.0",
      "parameters": {
        "$authentication": {
          "defaultValue": {},
          "type": "SecureObject"
        },
        "$connections": {
          "defaultValue": {},
          "type": "Object"
        }
      },
      "triggers": {
        "manual": {
          "metadata": {
            "operationMetadataId": "0883aade-72ab-4643-ac4a-6adbfb73e4b3"
          },
          "type": "Request",
          "kind": "PowerAppV2",
          "inputs": {
            "schema": {
              "type": "object",
              "properties": {
                "text": {
                  "title": "EmailID",
                  "type": "string",
                  "x-ms-dynamically-added": true,
                  "description": "Please enter your input",
                  "x-ms-content-hint": "TEXT"
                }
              },
              "required": [
                "text"
              ]
            }
          }
        }
      },
      "actions": {
        "List_rows": {
          "runAfter": {},
          "metadata": {
            "operationMetadataId": "d3c6e1a5-c1c3-4926-af33-05358029c3a1"
          },
          "type": "OpenApiConnection",
          "inputs": {
            "parameters": {
              "entityName": "activitymimeattachments",
              "fetchXml": "<fetch version=\"1.0\" output-format=\"xml-platform\" mapping=\"logical\">\n  <entity name=\"activitymimeattachment\">\n    <attribute name=\"filename\" />\n    <attribute name=\"mimetype\" />\n    <attribute name=\"body\" />\n    <filter>\n      <condition attribute=\"objectid\" operator=\"eq\" value=\"@{triggerBody()?['text']}\" />\n    </filter>\n  </entity>\n</fetch>\n"
            },
            "host": {
              "apiId": "/providers/Microsoft.PowerApps/apis/shared_commondataserviceforapps",
              "connectionName": "shared_commondataserviceforapps",
              "operationId": "ListRecords"
            },
            "authentication": "@parameters('$authentication')"
          }
        },
        "Response": {
          "runAfter": {
            "List_rows": [
              "Succeeded"
            ]
          },
          "metadata": {
            "operationMetadataId": "572a279a-4d2a-424f-968a-a380cc1d2d1d"
          },
          "type": "Response",
          "kind": "Http",
          "inputs": {
            "statusCode": 200,
            "body": "@body('List_rows')",
            "schema": {
              "type": "object",
              "properties": {
                "@@odata.context": {
                  "type": "string"
                },
                "#Microsoft.Dynamics.CRM.CreateMultiple": {
                  "type": "object",
                  "properties": {
                    "title": {
                      "type": "string"
                    },
                    "target": {
                      "type": "string"
                    }
                  }
                },
                "#Microsoft.Dynamics.CRM.DeleteMultiple": {
                  "type": "object",
                  "properties": {
                    "title": {
                      "type": "string"
                    },
                    "target": {
                      "type": "string"
                    }
                  }
                },
                "#Microsoft.Dynamics.CRM.UpdateMultiple": {
                  "type": "object",
                  "properties": {
                    "title": {
                      "type": "string"
                    },
                    "target": {
                      "type": "string"
                    }
                  }
                },
                "#Microsoft.Dynamics.CRM.UpsertMultiple": {
                  "type": "object",
                  "properties": {
                    "title": {
                      "type": "string"
                    },
                    "target": {
                      "type": "string"
                    }
                  }
                },
                "@@Microsoft.Dynamics.CRM.totalrecordcount": {
                  "type": "integer"
                },
                "@@Microsoft.Dynamics.CRM.totalrecordcountlimitexceeded": {
                  "type": "boolean"
                },
                "@@Microsoft.Dynamics.CRM.globalmetadataversion": {
                  "type": "string"
                },
                "value": {
                  "type": "array",
                  "items": {
                    "type": "object",
                    "properties": {
                      "@@odata.type": {
                        "type": "string"
                      },
                      "@@odata.id": {
                        "type": "string"
                      },
                      "@@odata.etag": {
                        "type": "string"
                      },
                      "@@odata.editLink": {
                        "type": "string"
                      },
                      "filename": {
                        "type": "string"
                      },
                      "activitymimeattachmentid@odata.type": {
                        "type": "string"
                      },
                      "activitymimeattachmentid": {
                        "type": "string"
                      },
                      "_attachmentid_value@Microsoft.Dynamics.CRM.associatednavigationproperty": {
                        "type": "string"
                      },
                      "_attachmentid_value@Microsoft.Dynamics.CRM.lookuplogicalname": {
                        "type": "string"
                      },
                      "_attachmentid_value@odata.type": {
                        "type": "string"
                      },
                      "_attachmentid_value": {
                        "type": "string"
                      },
                      "mimetype": {
                        "type": "string"
                      },
                      "body": {
                        "type": "string"
                      },
                      "body_binary": {
                        "type": "string"
                      },
                      "attachmentid@odata.associationLink": {
                        "type": "string"
                      },
                      "attachmentid@odata.navigationLink": {
                        "type": "string"
                      }
                    },
                    "required": [
                      "@@odata.type",
                      "@@odata.id",
                      "@@odata.etag",
                      "@@odata.editLink",
                      "filename",
                      "activitymimeattachmentid@odata.type",
                      "activitymimeattachmentid",
                      "_attachmentid_value@Microsoft.Dynamics.CRM.associatednavigationproperty",
                      "_attachmentid_value@Microsoft.Dynamics.CRM.lookuplogicalname",
                      "_attachmentid_value@odata.type",
                      "_attachmentid_value",
                      "mimetype",
                      "body",
                      "body_binary",
                      "attachmentid@odata.associationLink",
                      "attachmentid@odata.navigationLink"
                    ]
                  }
                }
              }
            }
          }
        }
      }
    },
    "templateName": null
  },
  "schemaVersion": "1.0.0.0"
}