<ImportExportXml xmlns:xsi="http://www.w3.org/2001/XMLSchema-instance" OrganizationVersion="9.2.25042.222" OrganizationSchemaType="Full" CRMServerServiceabilityVersion="9.2.25042.00222">
  <Entities></Entities>
  <Roles></Roles>
  <Workflows>
    <Workflow WorkflowId="{ee862f88-1d2f-f011-8c4e-000d3a2842d3}" Name="GetRetainedAttachments">
      <JsonFileName>/Workflows/GetRetainedAttachments-EE862F88-1D2F-F011-8C4E-000D3A2842D3.json</JsonFileName>
      <Type>1</Type>
      <Subprocess>0</Subprocess>
      <Category>5</Category>
      <Mode>0</Mode>
      <Scope>4</Scope>
      <OnDemand>0</OnDemand>
      <TriggerOnCreate>0</TriggerOnCreate>
      <TriggerOnDelete>0</TriggerOnDelete>
      <AsyncAutodelete>0</AsyncAutodelete>
      <SyncWorkflowLogOnFailure>0</SyncWorkflowLogOnFailure>
      <StateCode>1</StateCode>
      <StatusCode>2</StatusCode>
      <RunAs>1</RunAs>
      <IsTransacted>1</IsTransacted>
      <IntroducedVersion>1.0.0.0</IntroducedVersion>
      <IsCustomizable>1</IsCustomizable>
      <BusinessProcessType>0</BusinessProcessType>
      <IsCustomProcessingStepAllowedForOtherPublishers>1</IsCustomProcessingStepAllowedForOtherPublishers>
      <ModernFlowType>0</ModernFlowType>
      <PrimaryEntity>none</PrimaryEntity>
      <LocalizedNames>
        <LocalizedName languagecode="1033" description="GetRetainedAttachments" />
      </LocalizedNames>
    </Workflow>
    <Workflow WorkflowId="{732b8f88-1d2f-f011-8c4d-000d3a4405f7}" Name="GetRetainedEmails">
      <JsonFileName>/Workflows/GetRetainedEmails-732B8F88-1D2F-F011-8C4D-000D3A4405F7.json</JsonFileName>
      <Type>1</Type>
      <Subprocess>0</Subprocess>
      <Category>5</Category>
      <Mode>0</Mode>
      <Scope>4</Scope>
      <OnDemand>0</OnDemand>
      <TriggerOnCreate>0</TriggerOnCreate>
      <TriggerOnDelete>0</TriggerOnDelete>
      <AsyncAutodelete>0</AsyncAutodelete>
      <SyncWorkflowLogOnFailure>0</SyncWorkflowLogOnFailure>
      <StateCode>1</StateCode>
      <StatusCode>2</StatusCode>
      <RunAs>1</RunAs>
      <IsTransacted>1</IsTransacted>
      <IntroducedVersion>1.0.0.0</IntroducedVersion>
      <IsCustomizable>1</IsCustomizable>
      <BusinessProcessType>0</BusinessProcessType>
      <IsCustomProcessingStepAllowedForOtherPublishers>1</IsCustomProcessingStepAllowedForOtherPublishers>
      <ModernFlowType>0</ModernFlowType>
      <PrimaryEntity>none</PrimaryEntity>
      <LocalizedNames>
        <LocalizedName languagecode="1033" description="GetRetainedEmails" />
      </LocalizedNames>
    </Workflow>
  </Workflows>
  <FieldSecurityProfiles></FieldSecurityProfiles>
  <Templates />
  <EntityMaps />
  <EntityRelationships />
  <OrganizationSettings />
  <optionsets />
  <CustomControls />
  <EntityDataProviders />
  <CanvasApps>
    <CanvasApp>
      <Name>contoso_archivedemails_5955f</Name>
      <AppVersion>2025-05-12T10:02:29Z</AppVersion>
      <Status>Ready</Status>
      <CreatedByClientVersion>3.25044.10.0</CreatedByClientVersion>
      <MinClientVersion>3.25044.10.0</MinClientVersion>
      <Tags>{"primaryDeviceWidth":"1366","primaryDeviceHeight":"768","supportsPortrait":"true","supportsLandscape":"true","primaryFormFactor":"Tablet","showStatusBar":"false","publisherVersion":"3.25044.10","minimumRequiredApiVersion":"2.2.0","hasComponent":"false","hasUnlockedComponent":"false","isUnifiedRootApp":"false","sienaVersion":"20250512T100229Z-3.25044.10.0"}</Tags>
      <IsCdsUpgraded>0</IsCdsUpgraded>
      <GalleryItemId xsi:nil="true"></GalleryItemId>
      <BackgroundColor>rgba(255, 255, 255, 1)</BackgroundColor>
      <DisplayName>Archived Emails</DisplayName>
      <Description xsi:nil="true"></Description>
      <CommitMessage xsi:nil="true"></CommitMessage>
      <Publisher xsi:nil="true"></Publisher>
      <AuthorizationReferences>[]</AuthorizationReferences>
      <ConnectionReferences>{"e3b513e8-5d05-4893-9bc0-b9b7f700e094":{"id":"/providers/microsoft.powerapps/apis/shared_logicflows","displayName":"Logic flows","iconUri":"https://conn-afd-prod-endpoint-bmc9bqahasf3grgk.b01.azurefd.net/releases/v1.0.1745/1.0.1745.4169/logicflows/icon.png","dataSources":["GetRetainedEmails"],"dependencies":["833eb918-e580-4848-ad2b-e4da5b609200"],"dependents":[],"parameterHints":{"workflowName":{"value":"7b3637ef-9549-418a-8fb5-15ab4db937cc"},"workflowEntityId":{},"workflowDisplayName":{"value":"GetRetainedEmails"},"833eb918-e580-4848-ad2b-e4da5b609200":{"value":"shared_commondataserviceforapps"}},"parameterHintsV2":{"workflowName":{"value":"7b3637ef-9549-418a-8fb5-15ab4db937cc"},"workflowEntityId":{},"workflowDisplayName":{"value":"GetRetainedEmails"},"shared_commondataserviceforapps":{"value":"833eb918-e580-4848-ad2b-e4da5b609200"}},"isOnPremiseConnection":false,"bypassConsent":false,"dataSets":{},"apiTier":"Standard","actions":["Run"]},"833eb918-e580-4848-ad2b-e4da5b609200":{"id":"/providers/microsoft.powerapps/apis/shared_commondataserviceforapps","displayName":"Microsoft Dataverse","iconUri":"https://conn-afd-prod-endpoint-bmc9bqahasf3grgk.b01.azurefd.net/releases/v1.0.1735/1.0.1735.4099/commondataserviceforapps/icon.png","dataSources":[],"dependencies":[],"dependents":["e3b513e8-5d05-4893-9bc0-b9b7f700e094","104523f8-16ff-4cfa-9477-597e7860963e"],"parameterHints":{},"parameterHintsV2":{},"isOnPremiseConnection":false,"bypassConsent":false,"dataSets":{},"apiTier":"Premium"},"104523f8-16ff-4cfa-9477-597e7860963e":{"id":"/providers/microsoft.powerapps/apis/shared_logicflows","displayName":"Logic flows","iconUri":"https://conn-afd-prod-endpoint-bmc9bqahasf3grgk.b01.azurefd.net/releases/v1.0.1745/1.0.1745.4169/logicflows/icon.png","dataSources":["GetRetainedAttachments"],"dependencies":["833eb918-e580-4848-ad2b-e4da5b609200"],"dependents":[],"parameterHints":{"workflowName":{"value":"866bcd9a-6d74-4c06-9441-16f6464eae4c"},"workflowEntityId":{},"workflowDisplayName":{"value":"GetRetainedAttachments"},"833eb918-e580-4848-ad2b-e4da5b609200":{"value":"shared_commondataserviceforapps"}},"parameterHintsV2":{"workflowName":{"value":"866bcd9a-6d74-4c06-9441-16f6464eae4c"},"workflowEntityId":{},"workflowDisplayName":{"value":"GetRetainedAttachments"},"shared_commondataserviceforapps":{"value":"833eb918-e580-4848-ad2b-e4da5b609200"}},"isOnPremiseConnection":false,"bypassConsent":false,"dataSets":{},"apiTier":"Standard","actions":["Run"]}}</ConnectionReferences>
      <DatabaseReferences>{"default.cds":{"databaseDetails":{"referenceType":"Environmental","environmentName":"default.cds","overrideValues":{"status":"NotSpecified","environmentVariableName":""}},"dataSources":{"Email Messages":{"entitySetName":"emails","logicalName":"email"},"Cases":{"entitySetName":"incidents","logicalName":"incident"}},"components":[{"componentName":"CustomControl","identifier":"raw_RAW.CanvasFileDownloader","identifierType":"LogicalName","capabilities":{"pcfExternalServiceUsageAllowed":false}}]}}</DatabaseReferences>
      <AppComponents>[]</AppComponents>
      <AppComponentDependencies>[]</AppComponentDependencies>
      <CanConsumeAppPass>1</CanConsumeAppPass>
      <CanvasAppType>0</CanvasAppType>
      <BypassConsent>0</BypassConsent>
      <AdminControlBypassConsent>0</AdminControlBypassConsent>
      <EmbeddedApp xsi:nil="true"></EmbeddedApp>
      <IntroducedVersion>1.0</IntroducedVersion>
      <CdsDependencies>{"cdsdependencies":[{"logicalname":"email","componenttype":1},{"logicalname":"incident","componenttype":1},{"dependencyid":"","logicalname":"raw_RAW.CanvasFileDownloader","componenttype":66,"componenttypeplatformname":"CustomControl"}]}</CdsDependencies>
      <IsCustomizable>1</IsCustomizable>
      <BackgroundImageUri>/CanvasApps/contoso_archivedemails_5955f_BackgroundImageUri</BackgroundImageUri>
      <DocumentUri>/CanvasApps/contoso_archivedemails_5955f_DocumentUri.msapp</DocumentUri>
      <AdditionalUris>
        <AdditionalUri>/CanvasApps/contoso_archivedemails_5955f_AdditionalUris0_identity.json</AdditionalUri>
      </AdditionalUris>
    </CanvasApp>
  </CanvasApps>
  <connectionreferences>
    <connectionreference connectionreferencelogicalname="contoso_sharedcommondataserviceforapps_29c3e">
      <connectionreferencedisplayname>Microsoft Dataverse ViewArchivedEmails-29c3e</connectionreferencedisplayname>
      <connectorid>/providers/Microsoft.PowerApps/apis/shared_commondataserviceforapps</connectorid>
      <iscustomizable>1</iscustomizable>
      <promptingbehavior>0</promptingbehavior>
      <statecode>0</statecode>
      <statuscode>1</statuscode>
    </connectionreference>
  </connectionreferences>
  <Languages>
    <Language>1033</Language>
    <Language>1025</Language>
  </Languages>
</ImportExportXml>